/*
SQLyog Ultimate v10.42 
MySQL - 5.5.5-10.0.17-MariaDB : Database - pakar_kulit
*********************************************************************
*/

/*!40101 SET NAMES utf8 */;

/*!40101 SET SQL_MODE=''*/;

/*!40014 SET @OLD_UNIQUE_CHECKS=@@UNIQUE_CHECKS, UNIQUE_CHECKS=0 */;
/*!40014 SET @OLD_FOREIGN_KEY_CHECKS=@@FOREIGN_KEY_CHECKS, FOREIGN_KEY_CHECKS=0 */;
/*!40101 SET @OLD_SQL_MODE=@@SQL_MODE, SQL_MODE='NO_AUTO_VALUE_ON_ZERO' */;
/*!40111 SET @OLD_SQL_NOTES=@@SQL_NOTES, SQL_NOTES=0 */;
/*Table structure for table `artikel` */

DROP TABLE IF EXISTS `artikel`;

CREATE TABLE `artikel` (
  `id` int(11) NOT NULL AUTO_INCREMENT,
  `tgl` date DEFAULT NULL,
  `time` time DEFAULT NULL,
  `judul` text,
  `isi` text,
  `upd` varchar(50) DEFAULT NULL,
  PRIMARY KEY (`id`)
) ENGINE=InnoDB AUTO_INCREMENT=6 DEFAULT CHARSET=latin1;

/*Data for the table `artikel` */

insert  into `artikel`(`id`,`tgl`,`time`,`judul`,`isi`,`upd`) values (5,'2019-12-30','22:00:40','test','test','arifin');

/*Table structure for table `konsultasi_dt` */

DROP TABLE IF EXISTS `konsultasi_dt`;

CREATE TABLE `konsultasi_dt` (
  `id` varchar(20) DEFAULT NULL,
  `id_gangguan` varchar(10) DEFAULT NULL
) ENGINE=InnoDB DEFAULT CHARSET=latin1;

/*Data for the table `konsultasi_dt` */

insert  into `konsultasi_dt`(`id`,`id_gangguan`) values ('191225/053030/21','P17'),('191225/053030/21','P05'),('191225/053030/21','P25'),('191225/053030/21','P20'),('191225/053030/21','P21'),('191225/053030/21','P07'),('191225/053030/21','P26'),('191225/053030/21','P79'),('191226/070751/21','P17'),('191226/070751/21','P05'),('191226/070751/21','P25'),('191226/070751/21','P20'),('191226/070751/21','P21'),('191226/070751/21','P30'),('191226/070751/21','P49'),('191226/070751/21','P33'),('191226/070751/21','P79'),('191226/080101/33','P11'),('191226/080101/33','P05'),('191226/080101/33','P25'),('191226/080101/33','P09'),('191226/080101/33','P46'),('191226/080101/33','P30'),('191226/080101/33','P47'),('191226/080101/33','P62'),('191226/080101/33','P39'),('191226/080101/33','P60'),('191226/080101/33','P75'),('191226/080101/33','P76'),('191226/080101/33','P83'),('191226/081134/33','P17'),('191226/081134/33','P05'),('191226/081134/33','P25'),('191226/081134/33','P09'),('191226/081134/33','P46'),('191226/081134/33','P30'),('191226/081134/33','P47'),('191226/081134/33','P31'),('191226/081134/33','P32'),('191226/081134/33','P33'),('191226/081134/33','P79'),('191226/081157/32','P17'),('191226/081157/32','P08'),('191226/081157/32','P27'),('191226/081157/32','P36'),('191226/081157/32','P65'),('191226/081157/32','P56'),('191226/081157/32','P69'),('191226/081157/32','P74'),('191226/081157/32','P83'),('191226/025637/42','P17'),('191226/025637/42','P08'),('191226/025637/42','P27'),('191226/025637/42','P36'),('191226/025637/42','P65'),('191226/025637/42','P56'),('191226/025637/42','P70'),('191226/025637/42','P75'),('191226/025637/42','P61'),('191226/025637/42','P84'),('191226/040714/21','P17'),('191226/040714/21','P05'),('191226/040714/21','P18'),('191226/040714/21','P19'),('191226/040714/21','P06'),('191226/040714/21','P20'),('191226/040714/21','P45'),('191226/040714/21','P29'),('191226/040714/21','P46'),('191226/040714/21','P30'),('191226/040714/21','P49'),('191226/040714/21','P50'),('191226/040714/21','P34'),('191226/040714/21','P51'),('191226/040714/21','P52'),('191226/040714/21','P41'),('191226/040714/21','P81'),('191226/041116/21','P11'),('191226/041116/21','P05'),('191226/041116/21','P18'),('191226/041116/21','P83'),('191226/081656/41','P17'),('191226/081656/41','P05'),('191226/081656/41','P18'),('191226/081656/41','P83'),('191226/081715/41','P11'),('191226/081715/41','P02'),('191226/081715/41','P19'),('191226/081715/41','P06'),('191226/081715/41','P20'),('191226/081715/41','P21'),('191226/081715/41','P30'),('191226/081715/41','P47'),('191226/081715/41','P31'),('191226/081715/41','P32'),('191226/081715/41','P49'),('191226/081715/41','P50'),('191226/081715/41','P34'),('191226/081715/41','P51'),('191226/081715/41','P52'),('191226/081715/41','P41'),('191226/081715/41','P81'),('191226/092616/21','P11'),('191226/092616/21','P05'),('191226/092616/21','P18'),('191226/092616/21','P19'),('191226/092616/21','P49'),('191226/092616/21','P33'),('191226/092616/21','P79'),('191226/103549/30','P17'),('191226/103549/30','P05'),('191226/103549/30','P18'),('191226/103549/30','P19'),('191226/103549/30','P49'),('191226/103549/30','P33'),('191226/103549/30','P50'),('191226/103549/30','P51'),('191226/103549/30','P35'),('191226/103549/30','P66'),('191226/103549/30','P43'),('191226/103549/30','P70'),('191226/103549/30','P58'),('191226/103549/30','P74'),('191226/103549/30','P59'),('191226/103549/30','P73'),('191226/103549/30','P61'),('191226/103549/30','P83'),('191226/110955/20','P11'),('191226/110955/20','P05'),('191226/110955/20','P18'),('191226/110955/20','P83'),('191227/093100/21','P17'),('191227/093100/21','P05'),('191227/093100/21','P25'),('191227/093100/21','P09'),('191227/093100/21','P46'),('191227/093100/21','P30'),('191227/093100/21','P47'),('191227/093100/21','P62'),('191227/093100/21','P39'),('191227/093100/21','P60'),('191227/093100/21','P75'),('191227/093100/21','P61'),('191227/093100/21','P83'),('191227/055050/41','P11'),('191227/055050/41','P02'),('191227/055050/41','P12'),('191227/055050/41','P13'),('191227/055050/41','P03'),('191227/055050/41','P14'),('191227/055050/41','P15'),('191227/055050/41','P04'),('191227/055050/41','P16'),('191227/055050/41','P77'),('191228/051808/47','P11'),('191228/051808/47','P05'),('191228/051808/47','P18'),('191228/051808/47','P83'),('191230/092803/48','P17'),('191230/092803/48','P05'),('191230/092803/48','P25'),('191230/092803/48','P20'),('191230/092803/48','P21'),('191230/092803/48','P07'),('191230/092803/48','P26'),('191230/092803/48','P79');

/*Table structure for table `konsultasi_hd` */

DROP TABLE IF EXISTS `konsultasi_hd`;

CREATE TABLE `konsultasi_hd` (
  `id` varchar(20) NOT NULL,
  `tgl` date DEFAULT NULL,
  `time` time DEFAULT NULL,
  `id_user` int(11) DEFAULT NULL,
  `id_solusi` varchar(10) DEFAULT NULL,
  PRIMARY KEY (`id`)
) ENGINE=InnoDB DEFAULT CHARSET=latin1;

/*Data for the table `konsultasi_hd` */

insert  into `konsultasi_hd`(`id`,`tgl`,`time`,`id_user`,`id_solusi`) values ('191225/053030/21','2019-12-25','17:30:31',21,'R03'),('191226/025637/42','2019-12-26','14:56:39',42,'0'),('191226/040714/21','2019-12-26','16:08:46',21,'R05'),('191226/041116/21','2019-12-26','16:11:17',21,'R07'),('191226/070751/21','2019-12-26','07:07:59',21,'R03'),('191226/080101/33','2019-12-26','08:01:03',33,'R07'),('191226/081134/33','2019-12-26','08:11:35',33,'R03'),('191226/081157/32','2019-12-26','08:11:57',32,'R07'),('191226/081656/41','2019-12-26','20:17:00',41,'R07'),('191226/081715/41','2019-12-26','20:17:15',41,'R05'),('191226/092616/21','2019-12-26','21:26:27',21,'R03'),('191226/103549/30','2019-12-26','22:35:50',30,'R07'),('191226/110955/20','2019-12-26','23:09:59',20,'R07'),('191227/055050/41','2019-12-27','17:50:56',41,'R01'),('191227/093100/21','2019-12-27','09:31:01',21,'R07'),('191227/104055/41','2019-12-27','10:41:00',41,NULL),('191228/051808/47','2019-12-28','05:18:14',47,'R07'),('191230/092803/48','2019-12-30','21:28:12',48,'R03');

/*Table structure for table `master_gangguan` */

DROP TABLE IF EXISTS `master_gangguan`;

CREATE TABLE `master_gangguan` (
  `id` varchar(10) NOT NULL,
  `gangguan` text NOT NULL,
  PRIMARY KEY (`id`)
) ENGINE=MyISAM DEFAULT CHARSET=latin1;

/*Data for the table `master_gangguan` */

insert  into `master_gangguan`(`id`,`gangguan`) values ('P01','Anak anda mampu bersosialisasi dengan teman-temannya'),('P02','Anak anda menikmati kegembiraan di saat bermain dengan teman-temannya'),('P03','Anak anda melakukan sesuatu atau mengambil suatu keputusan menurut kata hatinya'),('P04','Anak anda ramah dengan teman-temannya'),('P05','Anak anda suka menyendiri'),('P06','Disaat anda memiliki banyak tamu di rumah anak anda lebih memilih berdiam diri di kamarnya dibanding duduk diluar bersama anda'),('P07','Disaat anda memberikan pilihan mengajak anak anda berkunjung kerumah teman anda atau belajar di rumah, anak anda lebih memilih belajar di rumah dan menolak pergi berkunjung kerumah teman anda'),('P08','Anak anda pencemas ketika melakukan kesalahan'),('P09','Anak anda pemurung'),('P10','Anak anda mudah tersiggung atau sensitiv disaat anda memarahinya'),('P11','Anak anda mudah berinteraksi dengan orang yang baru dikenalnya'),('P12','Anak anda aktif dalam permainan berkelompok bersama teman-temannya'),('P13','Anak anda banyak bicara atau cerewet'),('P14','Anak anda banyak disenagi otang-orang'),('P15','Anak anda spontan dalam menyatakan keinginanya'),('P16','Anak anda mudah mendapat teman atau beradaptasi dalam group baru'),('P17','Anak anda pemalu dengan orang-orang yang baru dikenalnya'),('P18','Anak anda suka mengerjakan tugas sekolahnya sendirian tanpa bantuan orang lain'),('P19','Anak anda tidak mempunyai banyak teman'),('P20','Anak anda tidak banyak bicara atau pendiam'),('P21','Anak anda lebih memilih bermain di rumah sendiri dari pada bermain di luar degan teman-teman yang ada di dekat rumah'),('P22','Anak anda tidak pernah bercerita dengan anda tentang kejadian-kejadian yang dialaminya di sekolah'),('P23','Anak anda tidak pernah terlibat dalam pertengkaran dengan teman-temannya'),('P24','Anak anda sering tegang disaat tampil dalam sebuah perlombaaan'),('P25','Anak anda suka pucat dan gugup saat tampil di depan keramaian'),('P26','Anak anda cenderung berkeringat saat bernyanyi di depan kelas'),('P34','Anak anda selalu menggunakan suara yang keras atau sikap mengambek ketika anda tidak mendengarkan perkataanya'),('P33','Anak anda suka membuat catatan kecil untuk aktifitasnya'),('P31','Anak anda suka meluruskan kesalahan orang lain'),('P32','Anak anda tidak pernah terlambat pergi kesekolah'),('P30','Apabila anak anda melihat ada sebuah sampah di depannya anak anda langsung memungutnya dan membuang sampah tersebut ke tong sampah'),('P27','Anak anda tempramen atau cepat marah jika permintaanya tidak segera anda penuhi'),('P28','Anak anda Tidak sabar'),('P29','Anak anda cekatan dalam melakukan pekerjaan rumah tangga seperti mengasuh adik-adiknya'),('P66','Anak anda suka diam-diam melakukan apa yang anda harapkan darinya'),('P67','Anak anda hanya bersikap santai disaat semua orang di rumah ketakutan dengan hujan yang deras disertai petir yang besar'),('P68','Anak anda mudah dekat dengan orang yang baru dikenalnya'),('P60','Anak anda suka berimajinasi ketika menonton flm kartun kesukaannya'),('P59','Anak anda suka bercerita kepada anda tentang hal-hal yang terjadi padanya'),('P58','Anak anda selalu ingin tahu setiap hal yang anda kerjakan'),('P57','Anak anda suka mengintip barang-barang yang anda sembunyikan'),('P56','Anak anda sangat suka mendekor kamarnya sendiri'),('P55','Anak anda tidak pernah melukakan hal-hal yg menjengkelkan untuk menarik perhatian anda'),('P54','Anak anda lebih suka sendirian di rumah dibanding anda ajak pergi berbelanja ke mall'),('P53','Anak anda sering mendapat juara di kelasnya'),('P52','Anak anda selalu aktif dan mengikuti perlombaan yang ada di sekolahnya'),('P51','Sepulang sekolah anak anda selalu menggantungkan pakaian dengan rapi'),('P50','Anak anda lebih bersemangat melakukan segala sesuatu yang memiliki tantangan'),('P49','Anak anda selalu berambisi untuk menjadi ketua kelas'),('P48','Anak anda selalu melakukan pekerjaan dengan lebih baik'),('P47','Anak anda suka tampil dalam berbagai macam kegiatan di sekolahnya'),('P46','Anak anda suka melemparkan tubuhnya kelantai dan mulai menangis apabila yang diinginkannya tidak anda penuhi'),('P45','Anak anda suka menuntut haknya kepada anda'),('P44','Disaat anak anda melihat teman-temannya bertengkar anak anda datang untuk melerai pertengkaran tersebut'),('P42','Anak anda selalu bertutur kata yang lembut'),('P43','Anak anda mudah bergaul dan menyusaikan diri dengan situasi apa saja'),('P36','Anak anda jarang tersenyum'),('P41','Anak anda lebih suka mendengarkan anda berbicara dari pada berkomentar'),('P35','Anak anda suka melakukan pekerjaan rumah tangga'),('P40','Anak anda pandai dalam nenawar harga ketika berbelanja'),('P39','Anak anda tidak banyak bicara'),('P38','Anak anda selalu menyusun barang berdasarkan jenisnya'),('P37','Anak anda suka memperhatikan siapa saja yang lewat didepan rumah'),('P65','Anak anda selalu melakukan kekonyolan yang selalu membuat orang tertawa'),('P63','Lemari buku dan lemari pakaian anak anda selalu tersusun dengan rapi'),('P64','Anak anda memiliki kebiasaan gemar membaca'),('P62','Pakaian anak anda tetap rapi sepulangnya dari sekolah'),('P61','Anak anda suka dengan kesenangan dan permainan dibanding belajar di rumah'),('P69','Anak anda suka membantu anda ketika anda kesulitan dalam melakukan pekerjaan'),('P70','Pikiran anak anda cepat berubah-ubah setiap waktu'),('P71','Anak anda suka menyelidiki hal-hal yang menurutnya unik'),('P72','Anak anda suka memeluk dan mencium anda ketika dia akan pergi kesekolah'),('P73','Anak anda selalu lupa dimana ia meletakkan mainannya'),('P74','Anak anda agak sulit dalam mengingat nama temannya'),('P75','Anak anda suka mewarnai dan mencoret-coret buku yang ditemukannya'),('P76','Anak anda periang, suka tertawa dan suka mengoceh dirumah');

/*Table structure for table `master_pengetahuan` */

DROP TABLE IF EXISTS `master_pengetahuan`;

CREATE TABLE `master_pengetahuan` (
  `id` int(100) NOT NULL,
  `pertanyaan` text NOT NULL,
  `ifyes` int(1) NOT NULL DEFAULT '0',
  `ifno` int(1) NOT NULL DEFAULT '0',
  `id_gangguan` varchar(10) DEFAULT NULL,
  `id_solusi` varchar(10) NOT NULL,
  PRIMARY KEY (`id`)
) ENGINE=MyISAM DEFAULT CHARSET=latin1;

/*Data for the table `master_pengetahuan` */

insert  into `master_pengetahuan`(`id`,`pertanyaan`,`ifyes`,`ifno`,`id_gangguan`,`id_solusi`) values (41,'Apakah anak anda lebih suka mendengarkan anda berbicara dari pada berkomentar ?',81,49,'P41','0'),(40,'Apakah anak anda pandai dalam nenawar harga ketika berbelanja ?',64,70,'P40','0'),(39,'Apakah anak anda tidak banyak bicara ?',63,60,'P39','0'),(38,'Apakah anak anda selalu menyusun barang berdasarkan jenisnya ?',62,39,'P38','0'),(37,'Apakah anak anda suka memperhatikan siapa saja yang lewat didepan rumah ?',54,60,'P37','0'),(36,'Apakah anak anda jarang tersenyum ?',53,65,'P36','0'),(35,'Apakah anak anda suka melakukan pekerjaan rumah tangga ?',52,66,'P35','0'),(34,'Apakah anak anda selalu menggunakan suara yang keras atau sikap mengambek ketika anda tidak mendengarkan perkataanya ?',51,70,'P34','0'),(33,'Apakah anak anda suka membuat catatan kecil untuk aktifitasnya ?',50,79,'P33','0'),(32,'Apakah anak anda tidak pernah terlambat pergi ke sekolah ?',49,33,'P32','0'),(31,'Apakah anak anda suka meluruskan kesalahan orang lain ?',48,32,'P31','0'),(30,'Apabila anak anda melihat ada sebuah sampah di depannya apakah anak anda langsung memungutnya dan membuang sampah tersebut ke tong sampah ?',47,49,'P30','0'),(29,'Apakah anak anda cekatan dalam melakukan pekerjaan rumah tangga seperti mengasuh adik-adiknya ?',46,50,'P29','0'),(28,'Apakah anak anda tidak sabar ?',45,38,'P28','0'),(27,'Apakah Anak anda tempramen atau cepat marah jika permintaanya tidak segera anda penuhi ?',10,36,'P27','0'),(26,'Apakah anak anda cenderung berkeringat saat tampil bernyanyi di depan kelas ?',79,27,'P26','0'),(25,'Apakah anak anda suka pucat dan gugup saat tampil di depan keramaian ?',9,20,'P25','0'),(24,'Apakah anak anda sering tegang disaat tampil dalam sebuah perlombaaan ?',25,60,'P24','0'),(23,'Apakah anak anda tidak pernah terlibat dalam pertengkaran dengan teman-temannya',78,24,'P23','0'),(22,'Apakah anak anda tidak pernah bercerita dengan anda tentang kejadian-kejadian yang dialaminya di sekolah ?',23,28,'P22','0'),(21,'Apakah anak anda lebih memilih bermain di rumah sendiri dari pada bermain di luar degan teman-teman yang ada di dekat rumah ?',7,30,'P21','0'),(20,'Apakah anak anda tidak banyak bicara atau pendiam ?',21,45,'P20','0'),(19,'Apakah anak anda tidak mempunyai banyak teman ?',6,49,'P19','0'),(18,'Apakah anak anda suka mengerjakan tugas sekolahnya sendirian tanpa bantuan orang lain ?',19,83,'P18','0'),(17,'Anak anda pemalu dengan orang-orang yang baru dikenalnya ?',5,8,'P17','0'),(16,'Apakah anak anda mudah mendapat teman atau beradaptasi dalam group baru ?',77,17,'P16','0'),(15,'Apakah anak anda spontan dalam menyatakan keinginannya ?',4,77,'P15','0'),(14,'Apakah anak anda banyak disenangi otang-orang di sekitarnya ?',15,22,'P14','0'),(12,'Apakah anak anda aktif dalam permainan berkelompok bersama teman-temannya ?',13,16,'P12','0'),(13,'Anak anda banyak bicara atau cerewet ?',3,16,'P13','0'),(11,'Apakah anak anda mudah berinteraksi dengan orang yang baru dikenalnya ?',2,5,'P11','0'),(10,'Apakah anak anda mudah tersiggung atau sensitiv disaat anda memarahinya ?',28,36,'P10','0'),(9,'Apakah anak anda pemurung ?',26,46,'P09','0'),(8,'Apakah Anak anda pencemas ketika melakukan kesalahan ?',24,27,'P08','0'),(7,'Disaat anda memberikan pilihan mengajak anak anda berkunjung kerumah teman anda atau belajar di rumah, apakah anak anda lebih memilih belajar di rumah dan menolak pergi berkunjung kerumah teman anda ?',22,26,'P07','0'),(4,'Apakah anak anda ramah dengan teman-temannya ?',16,22,'P04','0'),(5,'Apakah anak anda suka menyendiri ?',18,25,'P05','0'),(6,'Disaat anda memiliki banyak tamu di rumah apakah anak anda lebih memilih berdiam diri di kamarnya dibanding duduk diluar bersama anda ?',20,9,'P06','0'),(3,'Apakah anak anda melakukan sesuatu atau mengambil suatu keputusan menurut kata hatinya?',14,21,'P03','0'),(2,'Apakah anak anda menikmati kegembiraan di saat bermain dengan teman-temannya ?',12,19,'P02','0'),(1,'Apakah anak anda mampu bersosialisasi dengan teman-temannya ?',11,17,'P01','0'),(42,'Apakah anak anda selalu bertutur kata yang lembut ?',66,71,'P42','0'),(43,'Apakah anak anda mudah bergaul dan menyusaikan diri dengan situasi apa saja ?',67,70,'P43','0'),(44,'Disaat anak anda melihat teman-temannya bertengkar apakah anak anda datang untuk melerai pertengkaran tersebut ?',55,59,'P44','0'),(45,'Apakah anak anda suka menuntut haknya kepada anda ?',29,41,'P45','0'),(46,'Apakah anak anda suka melemparkan tubuhnya kelantai dan mulai menangis apabila yang diinginkannya tidak anda penuhi ?',30,40,'P46','0'),(47,'Apakah anak anda suka tampil dalam berbagai macam kegiatan di sekolahnya ?',31,62,'P47','0'),(48,'Apalah anak anda selalu melakukan pekerjaan dengan lebih baik ?',32,49,'P48','0'),(49,'Apakah anak anda selalu berambisi untuk menjadi ketua kelas ?',33,50,'P49','0'),(50,'Apakah anak anda lebih bersemangat melakukan segala sesuatu  yang memiliki tantangan ?',34,51,'P50','0'),(51,'Apakah sepulang sekolah anak anda selalu menggantungkan pakaian dengan rapi ?',35,52,'P51','0'),(52,'apakah anak anda selalu aktif dan mengikuti perlombaan yang ada di sekolahnya ?',80,41,'P52','0'),(53,'Apakah anak anda sering mendapat juara di kelasnya ?',37,81,'P53','0'),(54,'Apakah anak anda lebih suka sendirian dirumah dibanding anda ajak pergi berbelanja ke mall ?',38,67,'P54','0'),(55,'Apakah anak anda tidak pernah melakukan hal-hal yg menjengkelkan untuk menarik perhatian anda ?',68,82,'P55','0'),(56,'Apakah anak anda sangat suka mendekor kamarnya sendiri ?',69,70,'P56','0'),(57,'Apakah anak anda suka mengintip barang-barang yang anda sembunyikan ?',70,69,'P57','0'),(58,'Apakah andak anda selalu ingin tahu setiap hal yang anda kerjakan ?',72,74,'P58','0'),(59,'Apakah anak anda suka bercerita kepada anda tentang hal-hal yang terjadi padanya ?',73,77,'P59','0'),(60,'Apakah anak anda suka berimajinasi ketika menonton flm kartun kesukaannya ?',75,82,'P60','0'),(61,'Apakah anak anda suka dengan kesenangan dan permainan dibanding belajar di rumah ?',83,84,'P61','0'),(62,'Apakah pakaian anak anda tetap  rapi sepulangnya dari sekolah ?',39,43,'P62','0'),(63,'Apakah lemari buku dan lemari pakaian anak anda selalu tersusun dengan rapi ?',40,77,'P63','0'),(64,'Apakah anak anda memiliki kebiasaan gemar membaca ?',41,81,'P64','0'),(65,'Apakah anak anda selalu melakukan kekonyolan yang selalu membuat orang tertawa ?',42,56,'P65','0'),(66,'Apakah anak anda suka diam-diam melakukan apa yang anda harapkan darinya ?',43,55,'P66','0'),(67,'Apakah anak anda hanya bersikap santai disaat semua orang di rumah ketakutan dengan hujan yang deras disertai petir yang besar ?',44,68,'P67','0'),(68,'Apakah anak anda mudah dekat dengan orang yang baru dikenalnya ?',82,56,'P68','0'),(69,'Apakah anak anda suka membantu anda ketika anda kesulitan dalam melakukan pekerjaan ?',71,74,'P69','0'),(70,'Apakah pikiran anak anda cepat berubah-ubah setiap waktu ?',58,75,'P70','0'),(71,'Apakah anak anda suka menyelidiki hal-hal yang menurutnya unik ?',57,76,'P71','0'),(72,'Apakah anak anda suka memeluk dan mencium anda ketika dia akan pergi sekolah ?',74,76,'P72','0'),(73,'Apakah anak anda selalu lupa dimana ia meletakkan mainannya ?',60,61,'P73','0'),(74,'Apakah anak anda agak sulit dalam mengingat nama temannya ?',59,83,'P74','0'),(75,'Apakah anak anda suka mewarnai dan mencoret-coret buku yang di temukannya ?',76,61,'P75','0'),(76,'Apakah anak anda periang, suka tertawa dan suka mengoceh di rumah ?',61,83,'P76','0'),(77,'Kepribadian Ekstrovert',0,0,'P77','R01'),(78,'Kepribadian Introvert',0,0,'P78','R02'),(79,'Kepribadian Neourosis',0,0,'P79','R03'),(80,'Kepribadian Koleris',0,0,'P80','R04'),(81,'Kepribadian Melankolis',0,0,'P81','R05'),(82,'Kepribadian Plegmatis',0,0,'P82','R06'),(83,'Kepribadian Sanguinis',0,0,'P83','R07'),(84,'Data Tidak Ditemukan',0,0,'P84','0');

/*Table structure for table `master_solusi` */

DROP TABLE IF EXISTS `master_solusi`;

CREATE TABLE `master_solusi` (
  `id` varchar(15) DEFAULT NULL,
  `hasil` text NOT NULL,
  `ciri` text NOT NULL,
  `solusi` text NOT NULL
) ENGINE=MyISAM DEFAULT CHARSET=latin1;

/*Data for the table `master_solusi` */

insert  into `master_solusi`(`id`,`hasil`,`ciri`,`solusi`) values ('R01','Kepribadian Ekstrover','sifat sosiabilitas, bersahabat, menikmati kegembiraan, aktif, suka bicara, impulsif, menyenangkan, spontan, ramah.','Anda harus selalu menjadi pendengar yang baik untuknya, harus lebih memperhatikan dengan siapa saja anak dekat, jangan terlalu diberi kebebasan anak dekat dengan orang yang baru dikenalnya.'),('R02','Kepribadian Introvert','Pemalu, suka menyendiri, mempunyai kontrol diri yang baik.','Anda harus lebih memperhatikannya, sering diajak berbincang-bincang dengan anda, ajaklah anak anda melakukan aktifitas bersama-sama denga anda, berikan penjelasan padanya bahwa kita hidup didunia ini saling membutuhkan satu-sama lainnya.'),('R03','Kepribadian Neurosis','Pencemas, tegang, pucat dan gugup','Buat anak terbiasa tampil didepan sering-sering melatih anak dirumah agar dia tidak gugup tampil didepan keramaian, jangan sering-sering memarahi anak ini karna hal tersebut akan merusak mental anak, belailah mereka dengan penuh kasih sayang dan perhatian.'),('R04','Kepribadian Koleris','Pemikiran tempramen cepat marah, mudah tersinggung, tidak sabar.','Akauilah abahwa anak anda memiliki bakat seorang pemimpin dan slalu berikan semangat, anda harus sering melakukan komunikasi dua arah dengannya.'),('R05','Kepribadian Melankolis','Tempramen, pemurung, pesimis, mudah sedih, mudah puutus asa.','Jangan sering memarahinya karna ia sangat perasa dan mudah sakit hati, terus berikan ia semangat dalam hal apapun, dan seringlah meberikan bantuan padanya, pujilah ia dengan tulus dan penuh kasih sayang, pahamilah sifatnya yang suka dengan kesunyian jangan terlalu memaksakan kehendak kita.'),('R06','Kepribadian Phlegmatis','Lamban, pasif, malas dan kadang apatis atau masa bodoh.','Berikan motivasi secara langsung padanya, bantulah anak anda dalam menetapkan tujuannya dan berikan imbalan kepadanya agar ia lebih bersemangat, anda harus lebih memaksanya dalam membuat keputusan, jangan pernah menumpuk semua kesalahan kepadanya, dan doronglah ia untuk menerima tanggung jawab.'),('0','Kepribadian Tidak Ditemukan','Jawablah pertanyaan diatas sesuai dengan apa yang dialami anak anda','Tidak Ada Solusi'),('R07','Kepribadian Sanguinis','Periang, aktif, dinamis dan cekatan.','Kenali kesulitannya dalam menyelesaikan tugas , pahamilah bahwa ia berbicara tanpa berfikir terlebih dahulu, bantulah ia agar tidak menerima lebih dari yang biasa ia lakaukan, jangan memaksakan ia untuk mengingat janji tepat pada waktunya, pujilah ia untuk segala sesuatu yang mereka capai, belikan ia hadiah karan ia menyukai mainan baru.');

/*Table structure for table `master_user` */

DROP TABLE IF EXISTS `master_user`;

CREATE TABLE `master_user` (
  `id` int(11) NOT NULL AUTO_INCREMENT,
  `username` varchar(100) NOT NULL,
  `password` varchar(200) NOT NULL,
  `nama_lengkap` varchar(150) NOT NULL,
  `level` varchar(20) NOT NULL,
  `alamat` text,
  `telepon` varchar(20) DEFAULT NULL,
  `email` varchar(100) DEFAULT NULL,
  `foto` longtext,
  `tanggal_lahir` date DEFAULT NULL,
  `jenis_kelamin` varchar(50) DEFAULT NULL,
  `ls` datetime DEFAULT NULL,
  PRIMARY KEY (`id`),
  UNIQUE KEY `USER_MUST_UNIQUE` (`username`)
) ENGINE=MyISAM AUTO_INCREMENT=50 DEFAULT CHARSET=latin1;

/*Data for the table `master_user` */

insert  into `master_user`(`id`,`username`,`password`,`nama_lengkap`,`level`,`alamat`,`telepon`,`email`,`foto`,`tanggal_lahir`,`jenis_kelamin`,`ls`) values (39,'arifin','$6$rounds=151195$fachrezamaulana$nHCkLKPt5abw4B/XyWrlqHUFXgTE2JL3jZmBCDB1blR5OLSsCcWS9xMSw3jjb7dLcsXdsKHvk4PRbCrAayA9N0','arifin','Admin','Bandung','089491654','oboty@gmail.com','data:image/jpg;base64,iVBORw0KGgoAAAANSUhEUgAAAQAAAAEACAMAAABrrFhUAAACslBMVEUAAABSUmpNVGNNU2NOVGNOVGNPVGROVGNOU2NNVmVNU2NOVGNLVGJOU2NOU2NOVGRNVGNNVGRPVGROVGRPVGNOU2NOU2ROVGROVGNPVGNPVGROVWROVWROVWVPVWRPVWJOU2NPVGNOVGJOVWNPVGRNVWNOVGNQU2JOU2NNU2NPVGRPVGNPVmNPVGNOVGNOVGNRU2NOVGROVGJPVWJOU2NPVGNPU2RPU2M1PE5NVWJAR1YYkf9PVWQUf+H////l5eXh4eXe3+Ph4ubd3eHj5eguNkjq6+4YkP7l5ung4OTV1dnb3N/a297c3eDi4+fo6ewWivPY2dwWi/TZ2t3f3+LX19vl5+pOVmbm6Ovi5OcUgOPd3uLj4+UXjPjr7fDu7/IVhOoXj/1JW3Pp6u3s7vEZj/vU1Ngbkv8XjflLWW8Vhew5bKEwnP4VhOkkhN38/PwUhOhAZY1NV2keiu0mgdYse8cXjvr6+vsof9Iqfcs7aps0PE0di/LT09c9aJZDYYQfieoUguUhheIvd7w3b6dBZIr8/v8aj/lFYIE4oP4WiPAtesNPq/8rmv8elP8/ZpFyvP8Vh+4giOgihOApfs4mmP8ilv/39/j19fbz8/VCY4dHXXv4/P/j8v9ktv8+o/8gh+Uyc7Q3cKlFX39MWGzy+f8bjfYcjfRHTl633f8Wi/Ylg9o0c7E1ca3s9v/E4//w8fTa4ee02/9suf9Xr/9IqP8/oft/vPIxdbfV6//L5/+Hxv9IpflSqfi00ezS3ujo9f+k1P+Zz/+Qyv94v/9ZrPdqs/V1t/SLwPGUxPCszu1zeIRmbHk8Q1Tc7v+73/9/w/8bjvdjsPaky+7H2enN2+hIXHdES1ut2P8bjvacx++71OvB1+qUmKFJW3ZBSFi/1urLzdKprLSlqbC5u8G1uL5zatV0AAAAO3RSTlMAAxr60sJYzscH/WIL3NaN77SfdGeIpG1dPvJRKCQW++q8qHlHQ30R9+KDdkozLisgsEv49K7o5PPm2oicnhwAABaBSURBVHja3NxpU1NXGAfwmwAKilAUAatVC6JdtFrqtJ0+J2dsa7zWVgexTlo6KKSDiGiAsImoLLIIosjiAqIUrCuoHZeZim8UfedS+6bqC+t0+x6VsFyS5557b+6W6O8TkJOzPM//nMCZLXJpytSk6Okxn31qn+DTz2KmR78/NWVpJPfaivggYWZi+Hzicb7C7qPiPPGYH544c9JSC/daiZw1Iy40hAie2O0Pn/+1bvWo7/96/tBuf0IEIaFxM2ZFcK8D6+zo8HnE23m7/cFm6mXzA7v9PPEWEh49ey73KotYEB1FRFTYH5RRH2UP7BVERFR08is6E6zxMcuJqPP2itUUWVcxMgWw5TGxVu4VY40PJ0wP7fepiPv2h4QpLP4VGoO58WFESoX9byriH681gIXFLuJeAZbkxBAircL+LxXxnzAADCGJycF+PlqTphFE/QzApiUF81JYkjiFINr2AGxe3BIuKFlS8MpnngI/UmQ1OgWY3l7MBR3L1CjChuuAfOojH9UBUqKmBtdmYEmQXvq4ErzfSb103keVoLRpCcEzBJZJir99oRd48XzNps2jNm15/kLoBZSKmhQkQ7A4lPjtCaMb9M/kBVzgzYkhqrzwGoKKF0SVmLe4wFoUPYX4y9m1q7Z3X3lxjau95qeqqp9q2l01xeX7emt3dTkdxE/zogNZHlpi3yB+cFfm7StuywYJ2W079+VVuokf5gfuQJgTRpRyVNaWt/GgEN9WXrtf+WQIC8w6iFgYovDD1/UWN4DfGooHuhQOwkdJAZgES5Tt/c68jrOg2tnyPCdRYrLZ5bFloZLN78++dtDM1fcnkTdloamTYFk4keXsc4FOXLVOIitsGWeahDdl131LBw864jtaHETGm5M4c0QmEhnOgSKQtTV1gq0gq2hAdhrERXImeEuu8N9fwoMCO2wT7AAFsktOE2mhJhyIs9+UmfvFoAhv85IFiuwslF4Jb6RwxrK8J/Pxa0ChVJuXNFCoXWYzMPY0iIyR/vguUCzT5iUTFHMVSvdHBm4E1slEQmU/KJeVbvOSzoNyxZWSRZFhsekHnxA2Zwn4I83mIw38wB9wErZ3l3KGWCCx/bkHGgCTXwGCbeCX3y+5JSqCZM4ACRLFb2ER+IcXVgBaAwpVFUqkBAbURLGEKbcE/JVmQ9LAXwdyCdNUTmczCItj127w2zYbsg38tnuvg7DEc7payP76OwBRsQLQGlCmnD0JkjgdzdS0+rGLNhEZoEJRHWF5z4Tv3/0rqNNkQ5pAFb7XwZwDhq//P9pBrQyfRVCdAWq5nAbvA7HM6X8O1Mva5rUDZoF6u+sMPQsSWLv/JR40SR2fBOmpoAnfx1oGk3So/xj1j7sctCqtHp3+paBViZtRESVrrv8Z9a/TBdrxrbaXWnnQrj+XERBo7Aus7xJRJ6pAFxfT0y+CLtpOMDojq6b+n9H/1p0FnWRlgU7OdTG6Yw35gIWRf7RkQxBqYHRHH6rPiBj5114eAu8GINl7GSmZ6vyTiNoVDJ//VDNg/C4iarHK/Fv8AMiDINB8AcTweeJHgaq0PDJK/PuHINBzBq0ANAc0b4SJsus/rSADAmL77acgyChIg3G8+D4wXa8KuIX3TnUCMgRHHnU3Tvj43mlSdos+NfEy0Q2gLhulWjtMH4JDg3RI+PgoT2voEt0GlvlZAYSL1n9nxVK9HVvBTDkX6JmD4JGxQyxRPCdaE4ZZtEcgzipGqplp5hDcofQuDNuaychU23I1xyNLphDM7WKnupmlYJJblF4+AgClmexUud9NsHlLOMUiQgnmKJdKtZvAHIcppY+FUI0xAiUOgk22aFsAl2RSfVNcr6f05CH5v6GWiHifU2hOCMEK+QmfHzNnCdzoppReG9kBbFIjwNcR7B2FBaEljGB/nINxBTaMBxM0XqaU3szBDyzwO5PdToKFqQ9B3e0gyLAh1WCC7SfpS9dhRLX0zYLLoTYkXfQGwbzzfzwFMsF4R27SlwbRGyPGQ6Negs1fxMmLJlgheMFToBUMd+gKHdYMo1plrpb4LoJFK9gBpxAktwi84NFPBaPlPKXDLqBHRsyXZkU/EyREfh+MIYijA93r4ME32hAdVt/D/htQOVpCsBhOxmIlEQCeAllgsMfU4w6My5LfhvYSbIHMERhKkFx0A4ZO4XQw2Cnq0b0dBOm+EwDZnet3PTiJYCXyb3wKwFjXu6nHEDqLpM+hAwSbLTkBotgnAHsKpBekgqF6ztBhnjZYkFqQLluK1hEk1OJfDOQuknjmVZ3Zmpph+PpvvE1H3ELXKhmprZnVEg9s2tx+hUOWaQQZAHGlTWmlPJjh4CM64vZREMWXpjWxepE+gkxjT4GpBHE2QIAdHaSj7oH/njkJkuDPDlACZsMJ2KhHh0CFAwQJ5RhSCFIJgXaHjjkFavD7ldcCuA129EOA3aIeQhvst2KCvM0IAhlHYCAdpuOug0p1BPlA4VWQwwWBdaqejrkCavXjZCCOE2HFbWALBFZzNx13A1QrxAnxXA5LwhOgBgKq5zIddxVUYIdD74sVQcE2ATwJ2Kj6RtCgDhdDHJJMkGIwFU7ABHdAi50EmaVgC9wPpsMJGGqDVTkhvw3ODQmuInA4ARPcBURjOfiRbzwaj7sAHgJoiAo8l4GaZOOOIFa2ChyAAHpMJ3oMWl2Sqwat+AwsgsC5RgWey0CtqoivKVbvFRBUZ6AnARMcBu0KZX5MgB+EdEDA3DhDJ3qUA9qVS18UWoNpCxxNwFAbrEk2DoitkiugD8yEEzDBIOgiD58DktdBLjATTsAEzYDoEwt8yI2LWI6eA0CA5PxGvf0G+uBRKbA8ghuzIHhWwB3qowd0gl/NJEvciLdDYNylPp6CXvqJr5ncGJQGOyEw7lEf3Y2gFz6XmQ5bg+VJ/FgCJhgC/eCH5GO50OwgqYImJmDoMlC7EnxPytoCHM/ADPgK1Nct0NE5/GCGVQfXgXlwAia4fBT0VEl8hHMekfOIj14wE07AGJeBuvfEISOVwKxgCAOFBAy1wbrZyUgGZ6AtoAHMlnOVYtdAX2eJrxncsLgguBEdogi6DNTutPhPidC7qFow22OKoMtAIzrCyZ5OCOXB5WCS7c2nDh++dr3xGhVxBXRXgrJhy/AP5ImvNjDBwXsXzlApN0B3NcTXHLGHUW4eDNd8wVP1lh073nm8jIq5CvrLdog9mJpp/h7YM3zmHV+1YsP6jRvXvLT2u07qo74HDHBa7F/tJJrdCeXcraf1m7/65psNG9aPjsCWLetX5VPKugw0rh9KFCuE94Ghtg9S+su3a7/+2nsE9mxchS4DdferWDE839w6sOckzV/95Zdr8QjsWVuGLgN11kF8fMxxkeYeAo2X6bEV3/4gPgJrOsfa4COAGHMMRHBLia9swHRs+Y6v+Pxz1gjs+QW1wbp65sDnYIqZcVjOID32xYqvJEagE72J1RWKxRbj57FdYJy7NH/lFyukRmBNGboM1NN+/DuyJBP/RURPPf1x3RfSI7CW0pM5YJS9uB+MVtAK8RdBF1fo8ZXfy43AJnoTdHGRByQPR+PT5eIgPm1buj6/jW6m9LuVsiOwMV+f27Am2//EnUmLE0EUx+OKehAFEVRQPIiKB08epLReJgmTBGeMDjHGWBpjInEZbUSxPQhuEBEXRlySuOOK4q7owfXiehHcDs7gZ7HTncWZN5WUVPfL7ziHIe/fS729U1t7hmpwDwfEk5v6QZmeDSnXxsLu8HIk0lqBTt04oDFUhjQ4jAuE4+TBcHjF9sbGu4x+/Ffg2YSCAit5QSMbjjdXb+jJyAPiMb6JMkdw83a09FW37GMmEyoKlDSPATzUtX2zLC040YcaRA9JJjNXuPAEJJUUiPE7TAv5j9+BW0bRvvCrkv+R2sP0uMlzMSUFgvwB02NPCgkg8YXn41jogGw292BYzwvmPBtTUmAV53rBYPigbLb5Kpon96F9QbuQADVOaR6CRjampoCpeRDiwfIVsna5Sb55Q/+0ry4A4q7e9KvZqahAUa8xqmepVIBdaK2GD41J3MYCuHIW9lkCKCqgdwxkUnIB9qF+SVoBFBUo8adkAtA9Ak+50amoAOUjQPcSfMaN9YoK6L4Et/7HS5DuGDzKeU5NgS7KY5DUEXq0XkkBP6UjROgKf+WlnJICVjhI5wqTBkNGTkmBIjoFdV8DG6TB0GhZONxIBjgczOhnhAv8kYoCUXfD4VSLcBgnRFA6yL2ESDGtoECaNCFCnBJLt1ago14Z10+JobTgfZQSU0uKrmOucImbrRUou9Ugvk4tKbqALi3+PMZ5uZUCSX4RVca9TItTFka+QJkXHjVXIGDgupinhRHC0thrgITJjXQzBfxF/jDPvOMGKo3h4uhqr4qj/RBJxAxuNlEgUOSXTjDvuIWbhOjK4+8BEolE1uCG9CkIFfk7yYCAd+VxHA3tZV6Q/wFg2RmxFChI3oSdBr/kqf24QWIxXYvMB4CITdLkw56GyRLnD725/+VrNseRNUmdewuhiEOo0gVRHOIVZy3zL77MM0/Bp+BUsja5FwCW6VViRc65YWngKJDNlc3KgNwV5jUXhmuTG0vRKHn2MYT+xbrgFQzDNA2DWxSeaPi/eo2SCymOgU9QE2BNlUi6ZNQnQ570nWAEnB62VXYEQbN0bwAc2x2W2whY03e57+nl472MiGO4WZqoXf4zQNX0BgDiNaND3i7vm+r5+pijAkLLBxEICIBvjJgLKBgmGpn5DtAw3UEAvGDE7FuNYkGaoalXAKJhux3zCIDPjJozkqGp8aM8XiDzBkTDdgeA73lGzTXJ2JxvnLcpgdcAjukNAN6cZORcR46wdHT2FnOP/ACIQdZHowIGzjJydq2Wzc/PWOKlJ/ANoG66jV/A215GzzE8PE0xPn/yJwjb9joCHj9nhMhXrc+kWKDwESA6CAGBV6wNhG/gqpB8hcYOF8NgEa3SUUEAvGftYHeTFRpzvFui8gLANr1GFOAjawvbsBfQZI3OH+YOJx6Dv+MfouQOoHyV1PQRBIuUPoGoX/54PB4F+M1okc/OL0KfFnI/IuxdY98AcYe1cQFfqB1A+QqVKQTL1H6DcEy36QDoP8faw5EbsmVqDmM8WSTzHMCy3SEYDAr4QZD4UfWCxhAsVPwCwrbdATmAlJzHT4D3KzVfAcSDdZADSMlVFAdMmOn9UtV+8AdrdPtJMmDqm9Rmt/zE3MZN+sXAeMV0myjKgFFyZEvLtbpz9Rcr42Kgv7tGHDmApBzGH1+c6/lq7Q8gKld/WYU4wCfWPsK/5Ku1UTzgVpn45FuILqvSTZwBwytlEdNU1uvv1AuDRXfNfoEyYLTsx+v11T6wcFqrGBi3re/qWiZggNYBxIEwzodjRs7CzpBWFNRVRcBPGgdI/QYYZTkBmKk6H1nBxcC/zN1NTxNBGAfwWV9alUYrxncRCYriK2r0Mv9mTTxsKJgIlDQSm1SSja0VYyuQQhpAoQHtwSjqQS5qG00kHrwoF4+a6E0TTfRg/CgSRFqcmX3frb8vADPMs2Sep91/ZGn9r2/TasqCUet6zM7Hvwegq5XpgHltShCzw2oAo9/yMPBc14KIfPE9raohMBqMx22OWh0GnulacFaWP9CqUmdMxG6uB6Ng8RbU9nf9b2l1zYGxylTc3mdLw8DWro55bcwI1HO5EhjbTAUuvhIHLiYU4TCwvWNeu0cdMCUhDlxMgbFeMhe5OaYVudnHidy8/EuOLK7f+Q4YG7nZpxW5OR0Fw+d26OoXWV4ogPkOmGsjUDZ0NWE0bHCVZDZ2t2Awdrd8DY50d3d3uNIBMxm7OwfWTvPByznKiDHBy5XX4I759be63gHTD14ey4DhJ9r2gjViKHq7PAw8O38AIvIFVzpgpqK302DtsxK+PmQifP3twgGIuN8B0w+AHwfrONGzq95A/P519ru55WtwWzjc5n4HTD9+/0nGUvw+2QBWXmE2f7l7FdfgcLjdiw7YvZD2EVCLYG0m+vbvAespcwCWi5evwe3hDln+cZm6iX0MsRHwE2CdDhADagDtzkAsxLi5NAw8E+72pgN2M6R5BLLg2EaMkFaD9TNXeQBYyt9hYMf8+n950AFTQhXYIzCWBKuBGFN3Uvsx0BliDS4OA1vDZ+SvXoxAEyFWZ3kSMgXWgRZiUCM4nlGtHehcvAZ3R9zvgIl/hyXD4NhEjJL8YEUHtH76nT/X4EjEqw7YHa31j4PDLxHDjqwDKzMr3oErgwvDwIvedcAGr4jXn42CtfIoMaEJHMn7gh2IJxY/Eyt72QFLxAXrny6BwWQtW/lPgJkXvB2IJ5a+GehxBywR563/Ri84GiRiSssOcDyeZHagL1H+TKz3HbBYH7P+50VwBFcQk3zgSavLd6AvVjEMrMoINHZ9+fo/j4LHR0zbAp4RpWIHrsfokkeyV18CYLegYv2TefDUEvMCq8AzrAi/GPb1Ia02NQ0e/1piQV0QPCmFOwuSZfkqrTZ1BDzBFmLJCRg/A29l+Q2tNvUuuPYSiw6Ca0SljDef3tFq+5wHVxOxStoIrvQk/Q89HwXXKYlYFvCD6/ELx1qbl6hDbhTBtSZAbFjRDK6Z+w7d6Xp6OqkjpnvB1byb2HJsB7iSs9Q+5d7CRUqh9mVL4AruIjbtqwdXZsD+he7mYj9tkNo1HgXXyu3ENh/4ohOKzb52+Y1356ktk8PgW+cjDqiBQD5n5+kXX9ZPsPMsHJuCQA1xxFYI9F6jVsV6/pkuxqyXfxICW4lDmiAQfao41dCy+spCdQIih4hjDkLk8Q1qwcsQh6Uz8KQIkYPEQY0QKQ1Q85SeEKNHsfL0z7jz92dthdBIzupLX+2+tnYsDbhU/6waCCULTnT1X1KTlLkMRNbVEMf56iGUv2+6BmxXwPQUhFb6iAv27YBQ5tl3akrcZgXkUlEIBbcTVxxrhlhvQbFVA6buROpcCWLNu4hLVvihYaqfGnfJTgUMzUDDmt3ENYHj0JKftVwDcWpYdgpaTgWIi6QmaImmrxmuAYsV0D8KTY0ScdfhILRE81lLNWDsMqQM6Sw/uJe4rm4VtBULKjWgz3QFTI5/gzZ/C/FAoBY6el+NUV2J8xUSVNeTiSR01K4l3vAFoSc9pFIHTRZGo9AR3Ek807IaupKpfoU6Qs0Ol6CrYQXxkNRYD329E7O290DpTyWhb+UhiXjriB9GJIcHXtjo9RdGSjDCf5R4Tjp0AMaMvso+p6blHjwrRmHIgU0SqYa61TCsmBq4pRou+ulCaiYKoxpaSLXU/K7OXlIThoMwgE/MOxK1edU0MU1KJNGKEKxCYe7RMxTBRUWQIkHixgN4AEu7bPe9Rm9U6DbFkprHP78bzHzfYmBczODp9fnzkHyd/O8lh5c4NftJsy5UKGjTmNHD4z6ev+9W60Vy3C43m+X2mCzWq93HPN6/YVa0HkC1ehdYoWkPqufzWBG+D0SgLAYrwFhADIqTsWQtjgKSUN1SW8B0yRr/h+9hSTwfyDQ2rrFwtDIGcjm3MhZKVh0gnGlMsCChYUIdBJonYe4kTwugNhqXLOaK1YivfmoHWnSHubiaag2oJbGvM3gmRjdFqDPHags0/gst6Fbtiv8r0VQVPtMWJryi1jz5FMrmhjfCDP9wLxhDzibw0M2LaI+aqq5EbEseuJ1QksKOO5AZNlJ0tTmyS0/9G4JHRVP5XMzsAAAAAElFTkSuQmCC','1994-12-25','Laki-laki','2019-12-30 21:33:08'),(41,'rafina','$6$rounds=151195$fachrezamaulana$nHCkLKPt5abw4B/XyWrlqHUFXgTE2JL3jZmBCDB1blR5OLSsCcWS9xMSw3jjb7dLcsXdsKHvk4PRbCrAayA9N0','rafina','Member','test\r\n','0896486465','lasjdl@gmas.com','data:image/jpg;base64,iVBORw0KGgoAAAANSUhEUgAAAQAAAAEACAYAAABccqhmAAAVD0lEQVR42u2dC5RV1XnHj4rEV5qH9a21y0cq1VgT25i1tGgUZKlptSqaqBVjFWXOOXd4FDSaOnVpqtFol+lqslabWBVFHVc0jhbFOefsmbP3vQM6qMD4Ri1IUFFAEBgB4XTvCyI6wzDD3Mc5Z//+a/0XMzoz9969v+9/9rf3933bcUCmMWnGjD0bQnm0FxXP8oW6wgvltV6kbvcjebcbqRY3kkX93172Q/WWF8WL3EAtcaN4hR+obv3vBsPNX68w/8/8TPln9e+Y3zV/w/ytTX8zvqb8Gvq1zGua12YGAKgympq7hrptpW/7kbpY8xbtjA9rR33WOKz+PqknN70HOcu8J/Pe3FBeVBDFY8Z2du7KzAEwQIxt6dxDP2lP9kI12Q/lVO1Yc/wgXldvRx8w9Xsuv3fzGfRnaQyLwyeUSrszwwBshQYh9tfL7PP0U/RO8yTVT9T1mXP2gYhCoGbq8OIOzXMLQcd+WACwCv706V9xAznSOHw5Ns+rs/c3hIjUS2VBEHKEGRssBOQO49rbD9EO7/qBfFIv71fb7vR9iMGq8qZjqMb5YubBWA7ILNxn1IFuJBu1w5dw7h0NGZTSYuCPb28/AIsCqcdEIf60/KSP4ljHuxtx4ortHWx0A9VmVgZu66y9sTSQGjQ1JTub+LV8DJbF3frMhQnxWi+UD3ph8VQz9lggqAvMslQ7/XWab+KYdROD+SbxyZykYJGgJihE8nhtfNM0P8UJUyIEgVrvhvH9flvxO1goqM4y36TahkrgcGmnDL1AnuEkyU5YLhgUTDqrH8rLdWz/Co6VwfwCoS5rEmIIlgwGhNHNzbvo2PJS4vtcnCC8oYXgEjOnWDbY7lK/IIo/cqP4VZwnXzRZl5qjOTkAvW/uhepMN4jn4Sy554t+qE7H4kEZjW0dw7xQPYVjWMZQPeG2xt/CAyzFhKdL3/Qi+SuO8+w+PjRFWY1CfB2PsCjO1xN/tY7zl+IEsLw/EKgPTKcj9gdyDk8UjyoXmGD0sPewQBTa2o7EU/L21G/uGuqF8mcmjxxDh9vJH/jEpBfT0iwvT/2g9D0/lHMxbjjQ0wKT9o0HZfWpL8QQL1JNbPLBQdDYzvUkEWUM41vlYTTigJVjHDeExUPxrLQjSXYyKbxuEK/EaGGFS49XeGH8Y5wspWgQYq/NZboYLKzekWGk7uNClJTBZHSZ6i8MFNbmuFDObRClI/C8FEBPyNnlq64wTFjbvgMfuSL+IR5YJ2wu2b0ZQ4R1Xg38KxmENcZkpb7qRfH/YoAwJclDLewL1AgTgtJBXhC/gOHBlIlAJ/cXVBmFID62fH01BgfTKQILzLXpeGo1dvqj4ijO92Em8gWEHIHHVnKnP4z/kZRemKU+AyQNVerJH6irMSqYxevMvEj+Ex48uDP+iRgTzHZIIBvx5IEiSXbSg3cDBgRzkj58HU49AOfXA/ZvGA7MGW/CufsBL5T/grFAVgLE/BDmUASKBTyd3X5otQhwOtDznD+IN2Ic0JojQvIEPs/wI8kH2pgsVIji06zP7Se9F9rcU8Da2gFT1ecG8h2MAFpfQCTE/lY5f7men5JeCLeUElvTT6DcyYdmHhB+8WQgkH+worMQbbwg3CZvyHuiz9lMMoTbPh4shOrMfB73lVt3070Xwu0cDy73Q3V4rpzfXNpB334I+80Xx7Z07pGn0l5u7IFwIJuCobonP2m+TCiEA2ZBFH+Uaec3t/SS6QfhjmcKFlrln2XS+ZuEGMIV3RAOunKw3eTOZPHIj5ZeEFaCofxptpJ9gtL3qPCDsHKVg27Q/t1sLP2bu4aa65OZOAgrmSocvzC2s3PXLKT6/owJg7AqPQWnpNv5RfEoN4rXMlkQViNVWHUX2tqOTOfSvynZ2QuVZKIgrOaGoBImuS59uf409YSwVqcCl6eru8/TpW/qpf9SJgfCmpwKLBnb2vm19Jz5B/IuJgbCmoYCv0yF8ze2dQzjzB/CmvcOWJeKDUEvVE8xIRDWIRSIVEt923qH6kwmAsJ67gfIkXU79nODeB6TAGF9MwTr0kzU1CpnffAanhbJVS3PQItpbCAHocB5NS/1daP41awO2D/8/N+T40acmxxxzEkQlm3h3FvuyrIIdNW0ZNgL5aVZHaxTx07E6GGvPG3clAy3EKvRZaOmIsmL1JtZHKTRd/wGQ4d98sK7/iurIvCaWZnXoMefvDyrKnnCuWMwctgnvz/68gyvAuSlVd/594P4lawO0F9+f1SPCT/nMg9azC/bw9EnnpnhI8F4XlULhbyoeFaWd0uP+usRPSYc2I0v28OwE0Zl/ESgOKqKy38lEACAAKS6RqC1Ouf+kTw+6+elCADIvQBs2gv4q2p0+Z2GAAAEIBOtw+6r7AUf7e0H5KHirz8C8OmGDcmCxe9CzeWrV/cYn8UvzU3eitsyyU/Xr7dCAEwX4ULQsV8FN//UdXnIm+6PAKxcvSaJZQlqznt7QY/xEVdcnLx9/ohMcs3y5VYIQEUbiJaP/kL1FgKAACAAGVoFhOr1ihwJekKOyEvlFAKAANgiAGUREPKUSiz/H0YAEAAEIJN8YHA7/3G8j2k9hAAgAAhAJsuEP3FbZ+09iKM/6eapeQICgABYtgIwtwtfNQgBiGMEAAFAALK8CoijHev1H5QO0sv/jQgAAoAAZFoANjQIsf/Ab/qJZGPe+qchAAiAbQKwidLdEQEoIgAIAAKQi32A9gE5/7j29kPy2EEVAUAArFwB6FDehPTW7v4jAAiA3SHAAE8D/FA9gQBABCBXdwk+1i/nHyPEbn4Ur0YAIAKQpzBAfdzU3DV0+5t/gRyZ11tUEAAEwFoB2CQCP+hP/H8nAoDzIwB5pLytP5d+vIwA4PzbFIArL07ma2fKIm0XgHLX4L5gMobyfJEiAjB4AaAlWLZ59Yzivn0k/6jzEAAEAAHI8W3CIj7HyvgfAUAAEIByq7Db+xKAWQgAAoAAqBwzLvV+6WdL5x6mmygCgAD0JQBr1qxIVq/6MJPcuHGj9QLgRvFak+vTW+3/yflWPgSgEgLw7qNXJR89/veZZPeaj1gBaBaEPKmX4z81GQFAABCA/AuAF8lJvV37PRUBQAAQAAsEIFT39Nb9dw4CgAAgAPkXADeUz3/x8o/mrqF56v6LACAACEDf3YKbhBjyeQJQW+nbef/QCAACgAB8zsa2jmFb3/x7MQKAACAA9giADvkv3FoAbkEAEAAEwCIBCOXNubz+CwFAABCAfnHaVgIQP4sAIAAIgE0CsFVKsBuoJQgAAoAAWCQAgXr3sx4Ae1my5EEAEAAEYCtOKJV2dxpCeTQCgAAgAPYJgCeKR+n4v3gWAoAAIAAWCkAgz3B8oa5AABAABMA+AXDD4k9ME9BrEQAEAAGwcAUQqskmB+B2BAABQACsFIBbTRuwuxEABAABsE8A/FD91nQCbkEAEAAEwEoBeEwLgCwiAAgAAmBlCCBzfRMQAoAAIAB99gV4yVwF/hYCgAAgADYKQDzfFAItQgAQAATAyj2AhdYUAiEACAAC0KMi8H1HLwNWIAAIAAJgYQgQqOWOH6huBAABQABsFIB4jVkBbEAAEAAEwMpNwA0IAAKAANgsAIQACAACYHcIwCYgAoAA2LoJyDEgAoAAWHwMSCIQAoAAWJwIRCowAoAA2JwKTDEQAoAAWBoCqC7KgREABMDmcmAagiAACIDFDUFoCfZFrOruTp6d1Qk1X134To/xWTT92uTDRy7IJLu7VyIAX24JRlNQYDNoChrF1yAAAAGwtC04F4MABMDmi0G4GgwgAPZeDWb75aCvvbcEWkzrLwedNGPGnjYLAIS2CsAYIXZzDGwpCEIAIAKwpRJwsfMZ/EjOQgAgtGkFEJe2CIAXqYcRAAitCgEe2GoFoG6x4UNPufM3ybV3/BrCbdLYiCUCcNMWAXBDeZENH3rN+k859wJ9YtW69ZakAcsLtghAQRSPQQAAsEcAGts6hm0RgLGdnbv6QbwOAQAIQP4FwI3UJ01CDHG2hhepOQgAQACsWAHMdr4MHRNMRQAAApB/AfBCdU8PATCVQQgAQACsWAFM7CEAjWFxOAIAEAALVgBRfGIPAZhQKu2e941ABOBz3P/go8nwkeclJ59+fvLQIy0MiCUC4Ebx2i01AD3CgEDNRADyj+dmz+mRATdn7ssMjBUCIIvOtuCF8g4EIP/477un9RCAe6Y2MzBWhADytr4E4FwEIP/omDW7hwDMfmEeA2PHHsDZ2xSABiH2RwAsWQX8z7Tkb/72rOSE4X+X3Hv/IwyILQIQx/s4fcGN1EsIAEAA8rj7r+Y420Oe9wEQAGD1CiCUv9i+AAg5Iq8DsHr9eiwc9ImVa9fl9wRAyFO2KwD+9Olf0WHAqjwOwKKPV2HhoE8sWPFxTluAxStN0Z/TH+T1vsCWN/8PCwd94rE33s5r/P+o0194UdyQx0GY2FZiFQC2iYUrP04maBvJo+0XIjm23wLgi5kH5zUOukbOTF5Y8iHWDrZgo+bz73+QXBPPzGf8H8Qb3WfUgc5A4AdK5fk8tKn0XHJ316vJ/S+/nnk+1FZMHgrba8v2Yi7GztiAsYWctwBvcwYKP1S+NdckZ5gTQpk88vsnNZ+oKZs1x+vXZg4ycQ34uAELgFkymKUDA5hu3hTI5IHHn6oLbwxi5iD91X8bCkHHfs6OwCwdGMR0c/qrbyTLly2rC5/Qr80cpP4C0MDZUZilA4OYbr7yx8V1E4CuRYuZg/S3/7pyhwXAbZ21t2kgwECm9KKT9o5k2dJldROApUuXJpNyemyWj91/1T1Oym84g4EXygcZzHTyP2fPqZvzf8Zfdb7IXKQ393+qM1h4YfFUBpP4n32ADF7+ERaHD1oAmpqSnXUYMJ8BJf5nHyBTfM1Jkp2cSkCHAdcyoMT/7ANkavNvslMpmE5BbqDWM7DE/+wDZCL1d93VM4r7OpWEG8b3M7jE/+wDZIL3OpWG31b8DgNL/N/7PsAfmZM0Vf4F8bFONeBHMmSAUxD/xzr+T4nzf7YP8M/t7AOkJPV3hlMteIE8g0GuP389e25qnP8z/gf7ACmp/JMjqyYA5lghz12D692t6IM13f3i6nXrkg0bNqSK5j319/3/Yf7bzHm1uv5W6uhv201D1WUMduUZLlxkTQOO1gXvMOfVEAChLnGqjSYhhvhB/AYDjgAgAKk6+ntldHPzLk4tYJSGQUcAEIBULf8vdGoFozReKF9m4BEABCAVRT9zTcq+U0toARjN4Fe2Y/GUeOZ2eb16Nrmh+Fwqeb2a1a/PMJHU4QrH/vE5Tq1hFMfsOjIBENbz3F91Vn3nf9sXiBRHMQkQ1rPop3iqU0/4gXySiYCwHrG/esypNxpD9RdUCkJY85TftVoADnfSAD+SdzIpENa03v9WJy1oFOLrXqA+YGIgrMnT/73JSn3VSRN8oa5gciCsQblvJMc4aUO5dyAXiUBY7Y2/1rod+23/HoH4W26kPmGiIKxGqW+8ZnyrPMxJM/xQ/pTJgrAa+f5ykpN2jO3s3FW/2ReZMAgrm/FnKnGdLKAQyeP1m/6UiYOwIqW+6xqFOs7JEvQbv57Jg7Aipb5TnKxhU8mwkkwghIM6849qXupbsQtFwuKh+gOsYCIh3JGlv1o2rr39ECfLcEN5EZMJ4Y6k+8rRTh6gY5j7mFAIB7Tr/zsnL5g0Y8aepm0REwthP5w/lM9PKJV2d/KEBlE6wo/kR0wwhH1u+i1tFB1/7uQRroh/yCRDuM3z/o1+qE538gwvlDcy2RD2yuudvKNcNRipFiYbwi/w95k97x/4foDYS3/g2Uw6hIZy1tiWzj0cmzC+vf0AHe8sZPKh3SW+8u1C0LGfYyMKongMmYLQXudXyxvbOoY5NsMTcgRdhaGNFX6ukKc4YHO6sDkCwTCgHWf9G/xQXoDnb10+TFNRaEuOv1CX4fG9iUAgx2MgMOc7/i6eTiMRaCXja/Dw/onATRgLzFlp74149sBKiK/DcCBPfptPByLZiPFAYn7bTwc4IoQZPOpjt79iFYTxj0kWgllK8uGcv9Jpw1F8GmnDMAvpvWT4VauKMJRHu5FagKHBtBb2WJ/bX22YKkJzTRIGB9NW0mttVV+tUW4yGsWPY3QwLc08rKvnrzdM9xQ98DdwQgDr2cPP5KtY08knlZuDoTrTbLxgkLDW3XvdqDgKD0xDrkCoDtdKPAfDhDVx/lA+n9vW3VmFicH05NyLgcLqPvnV73J3aUfekoa4gARWPt5Xy3xRPB8Py0S+QPFQP4pjDBdWKN6PfDHzYDwrQxjd3LyL2aElhRgOJqVX29AUY0t4VEbhBu3f9YL4BQwaDjDW72wU6jg8KA8bhJ2duxol13FcN8YN+07njdd4kZzUJMQQPCdvOQNtbUf6oRIYOuyVoWod3yoPw1PyjCTZyQ/l5W6glmD0cPMm33uFSI4xtoGD2BIWtHZ+TSv+L8u12ziBrY6/1gvVrf70mX+CR1gcFnBbsYVNOiP1qMkgxQPA5tMCOZLTAjt2972weCoWD3rAVHVpAzlPG0oXzpK3DT451xPxOcT5YLswiR/mvkI3VK/jPJlP5nlFL/cvpGQXDHxFIMQQL5SXukE8D2fKXIw/xxPqErL4QEWODk3ttzknxrlSv7M/w+znsNQHVYFJD9VPl/uoMUhZG+5I3VsI4mOxUFCb48OgY79N6cXxGzhh3fiaF6rJV88o7otFgvqFB0Keoo3xATdSn+CUVa/L7/ZDObUxLA5nmQ9SBbd11t5eJK8y9ePmaigctoLXbAUy0E/7K8dJ+Q0sDaQeDULsby6GLDcmoXPxDnXcdQPV5odqHEt8kGlMCEoHmZWBNubH9BL2Yxx8m6W4K02KrnnSu8+oA7EckDs0NXcN1SLwA706uI38gk3n9Tqm/4XZRzFjg4UAq2CWtyZFVTvC7TpcKJkKtTxX37mRLBrx09+f7cfxPlgAAFthjBC7FYQ8yXSl0Uvhe0wP+iyKwuYTkdnmM+h/J3pRfKL5bMwwAAMNG4QYYm6dNTntXihv1g41zawWdCjxbgquw15cfi+RekDzJr2cv8C8V1pqAVCLDcZSaXdPFI/yAnmGGxZ/YhJjyk0uQvVbs+mov5b6afySXkXM198v1M76fvkO+yBeY47XyjRfl69Xi983P1P+2Uh1md8tb1zqv2X+pvnb5dfQr2Vekwsyso//BxanHBv32pHtAAAAAElFTkSuQmCC','1998-12-25','Perempuan','2019-12-30 21:32:54'),(49,'reza','$6$rounds=151195$fachrezamaulana$nHCkLKPt5abw4B/XyWrlqHUFXgTE2JL3jZmBCDB1blR5OLSsCcWS9xMSw3jjb7dLcsXdsKHvk4PRbCrAayA9N0','reza','Member','Bandung','0896461561','hanif@gmail.com','data:image/jpg;base64,iVBORw0KGgoAAAANSUhEUgAAAQAAAAEACAMAAABrrFhUAAAC+lBMVEUAAADx8vT9Smr9SWlWWWf0yNT09Pf9R2ZGS1nV1dfe3uD/R2f/SmP9R2b+R2b19fb39/nW1tj19fdFSlX+R2b/R2bz8/bW1tlHTFpHS1n9R2bY2Nr+R2b9R2ZGS1pGTFn/SWfU1NZ+fn/V1dfa2tz/R2f9R2Wvr7G1tbf9R2b/SGf/R2f39/jp6fLR0dP29vn29vn/R2b/R2b/R2ZFSllGTFn29vfs7PDp6ez9R2f+R2b29vj/R2ZGS1lubm5mZmbW1tj19fi+vr9BREv19fnt7fP/SGbx5ORGSljj4+dGS1r+R2b29vjy8vf9R2X29vji4uT9R2f29vlHS1n19flITFpHTFn6+v9hYWFDR1I/QEWSkpL9SGb9R2X09Pn19fn29vmIiYvMzM/Hx8nv7/D29vlGSlpGS1n+R2b29vr19fj/SGVQVV1manX19fj39/dyc3b9W3br6+/09PhtcXqkpq5obHirq635WHOmpqhkaHJsbnmYmqV6fomAg4yen6ePkJqcn6aKjZd4fIT29vlHTFr/SGc/Pz85PUnW1tg9PT02OkRISU1be6HwNS1WdZ0uUYE4W4g5PUs4PEZcY3Nwh543O0Y3PEc8QUtFSVKGo791k7JHSEx9m7hFRktFSVRDQ0RAQEFFRkhEREc7Pkc9QEdDRUs9Qk06PUVAQ0lGSE1CQkNFSlc9Q1FCRk+FiJBBQUNBY488X4y/wcdGZ5JARVJNbpc+P0E2WIVCR1RZeJ8wT3lScpr18/ZigaZJapVPVWI3SGBSWWhESFZxkLBoiKtxjKY0Smhsg5jxVlCrrLBtjK5LT145R1p4lrXze3dVXGuUl59meo4xVIMyTXFZWVpPT1A4VXs8PkL26er0t7ZecIJaYXDxSkPxPjb24eP12tz1w8STk5Q5T23i4uXHx8nAwMJyj6v0oZ/zkpA6TGW5ubtVY3Dya2aoSmDwQzzl5ej1zs5EYYXZSGK4SWHJR199Sl5jS1xjP0XkRmCuQ1R/QEvV1dfxSWWJyZFYAAAAhHRSTlMA4eHk7QP8+fjvvCcI/fPuKPX07cJ1+dzIDtHOyrqjZA7++ebFTO3h3pxfVEIV4V1WQzsU/dPQ0MawiHppTP79+unc3Lw0HwrhurikdufXyr+RgnxtOysN/ffy7+jh3teY7d7c17COh35kTjPs2aId9pPhxa408+Tk47CdcGFM1bSbhYN8CIeUAAAZVElEQVR42tzVsYqEMBQF0MeCpIhJFZuQgI2CplIrxXq2EITpZ3phqv2J+91bbT3sriZPzyfc3JtHsZWya7f7Mhr7fNRaKCV0/XhaMy73re1kSZeVv8K2OI03tFu28MrpUsp+bqzALwjbzP01UhiqyQn8iXBTde5J5N1k8T/KTmdtwjCPGrvQYzvQyQyzUdiR8vOJMihbr7A75dtzfAj9onEQ3fTE3FCsONRacJ6CbAQOpxtJPFUekfiK2MmCRUSuyoiTrF0RmQ2MIggrEli5DKF3SMRwuIpyREKjpLTKSSApMZWUUHgguWegVKQHC15SClkhwIQoMopOOjBiJL1x3edPUoKbATvmRtGEGgzVFcWRN2DqnlMENwu2bIQZdCzr/6Pu6GCFAmuqoCN9fn2w902O3as0DEUBHD9LsrZ08Cla2qlLJ4fSpVCQgrhUHBws+AWtix8oHqHTXa4QH0JcpGMWna4IwbGBtim4dCh9BaVWI9oGkpxDe+nvDc6f5HDvPS4Bm0wFNVDJAJNkDbVQSwKLdAI1kUgDg5yJ2lirA7k9jeZHNLNArIyaqQKpDdROAQgVUEPlFZ8fsby687+/TFwBiSpq501OWA0gkLNRO9MA0jqF2NImsrH7A9cdeDZbAGldQ0zFFDKxB85YTIydgc0UQLbOIZbDdWTiKvGLcpHS482P2ybEsJlHHp2R+MPpkAbwHZUgMmMXeXhK/KM80gC+HWPpDsD9rpih2ycN4LuEiOrIw1ZiJmXzBHg9g0iSKeQxFHMMSQP4npqRFuA28vDEXB5pAN9JCcI7QCaOmMvhCHDfbrf3IbQsMun0xFy9Dn2AtiU/NZZmAaArArjkAZ7lROsCQjEqyMURARzyAHfyy5axLE8ASgQYkQeQ30KtgaKJbLoiQJc8QEtOWSGuRaU88hmLAGO+APLBWPgReDFfQPifIGkiIyUCqA9y7d8nYSCKA7iLxE3D4C6zhI2xLPgfmMAkLA4Mrg46mJhvQiRsLM44MBFmh05OEhOnkpREGhratCEmsjtYHfpS++Mk8q5J+QS6v2+vd++u3XgAP4vgmitBFUGZWAW+7aXYAhEnKQBn4wE89sjf2qHiPlgZSQEYm+8Ehz1yX9wRa4LZO2MbQAGQp+HAd5HeDEjm8QGsGAIIeBFvjM/B7pV5CqQAwoRD4Bj89LeYJkBnC4AITod2y5BgNYvcC68gIYBLwXswSDGfRdQ/B2MA5DZxADTAi87FuU7F6c1QmHhLUIIsqjsL3H5XBW8A5CphAJxBHt159u++owPSAhjspjwDEGPquK4zNUA4AxAPgTIyIjmAQXwPkBUUQKTr2G1wVhyNEt3EHARiaxzEbAO3RjPyHOAQWyNfy8LXwP9xmnITtLDGZkGpaN2+p6tVlII5thaQp5HeGrhYmkq/E6mvmPYH5DgRvA3nkbNMjeptd9rexft7P6KZVg7swtNgLQ9mql148GuP5I+Egq2CV3gabIHX52gSqj0hhYl5B14lqV2grYSqF4ag2OBU/dUE5MBGHWtU/ToRaGMVbHJFWZ/EL9cunzLQlmDTkvMEWHVB9YII6haYVANPgAoWX7SZu27TUBjHw4DEAGJggQUknoChjIWHqOgj0I2BZ+DUFTlDVad2I1luYyfGl6TKUkUVS9UuEaJSFdjKyEZVIeiFi5A4n0/Cp+PPBuIc/8Y2Tv3/f9dz+vk+yi9rwf1KVgOogYrvAqH4PSKfCPz3J5w3LyrhQdX/Dvr4uEjdy3wKPXpUyZb8DPVfrWIL+kTCT9WTnxRYwKsYiTev4lXIFe08z6/+ic7Wluc5Dp/geP5Wyyg0ATrB8yvawfPAEtNNt49KshWfeKicxzHnaEMCn8l/ss+0s1SbcJtpZnNAVUhlvhTvRp12aNYlVj1sdyJXmuAbBakz2GSauT3Rf2eO6aUpNRD5WyAydjthPZew48bgQfIy//km08vcnZpknullO/f1DZ8Lgs4k7LZtr4yxbcuqSzoBF/hGrgXbTC/zNclTphHUT+U7HUtqX1FAG6QHDrQDtKA6B5Z0t4Bi/VD6bpuoJ0gP2i40g4odwCZw9RrTCOpH+QkH+UR9sQfSgj48W6UD167XgCdMI036zgaIAfnmyn+SWgA5Y5Bv09sJn9SAe0wHF6dnpxdvN+kbJ0JJBNEHadNYEMWcJ+T7DHUazu3u9Ho7XVaOezXgLpudy6/LwFeD6PdEIEOUP40FobDOJw4MUC3r9tYkr3ZZGe7WgIdsZi5/LQM3vpF4jcNPav//ekEk3COettiE3TWkx0rwUFcPFPEHfpJ35Zy3/xJ+O6U4CaATOOCAklQRk+yA8I0D1n1V1oFrcB5aZDNzIfX/yL5pn3PHxPDTmY9YeT7YsgxaUAZ0FByA/L0GsA+lsMOmZ1HPHni2DHxvqQaAflfoJLpQvGWZpmWhCXlJ4HInyTqbtoENUfpHDckHyIYSrRB2wQU2M+e0AcjpH+Skv9RrtuXpR+JGbRM9IA7wfiYH+uMGsN+Y8GGjVBEs6BkC57QACvTbdaAdxJwQB7gpqg4EnGeTK2BMZP1BA3kr/GBTc1fPInyKBYD9z+Eu0W9B7AOe4sAtSIrvuQ5PCUy6MJipA0YmvbpQAXsN5KhUDcAyfIvNzCVOAJx/Uj9Z8GTsPXEBpCCuiBz+Z2MmVUAciJisAKSUAbfEZQDTwOnyeVqlGCGXOxkhdjrV5MUPqKf0Uw9isMDOOCDszLSBZo4BB2xq7sAU1MBZpgN6nIegX1FhBSDfl+r9vZPj0WgoGI2OT/b8cR6ABYFFHAhj7qkWD9ZoCZRYBxc13YZsq/qTdP9RNMjsd2TqNxuj9QyjI9cAwII4uzyJhznfUv9GSJpgmU1gXtNRyFCiY6T7r6qgDuFPo58cgXrCcHh4CL9ueRzmR/b5iDuGWmVkDJYx4J6GNQATABuAqyaxCCiEvw8RPhmu5zI8Xl19fTgAhyAJ1A3KhkbokhTARWi35Da8oOc+bKAWQLYBiNkHnR/iu4/yM4zerQpe9yZJIMaf2gY4T0gK4Cpc0oCnGvYgkgBYAKhfpj8/Xi9i+GVV8r4DLZI4kB4N1SIIx4chPBT/Zu1qWpwIguhFQUQQ9KIIijcv3vQoCl7Eqx+gFw+CJ/+GjB8Js0MkxjiZmMQYo4mYkM1mY8gazbpCVEQFBb15EMSTv8DunjGvqzsTM937ToqY7Xpdr6q6uiu7+JJRCZ2+Zo9nZF1lngHvqPbfZ//2Qtn+1xH4n//0uPVTJ7ivMnCH58KykggAUwJOWxeCaIMhAj4IBQD9C/tLt4nxP+9J+DlocwIijCIGsvxzIIIHoQvA1a4T841q4T2b0Q6pUwfgEZDkv8j+b5r1wDCdHnhgYCNUQaB4UqC4wFdzAtASOXXNGqoDPJLan3dE/qsQ+1+PFfPHwzSD2/VUBh7KDGRuPdJcwJqAU5YE6CGwzFctb1uVx3/Z/mj3gUlawHXdtU8yA2VRTlEXqKhhEDA8DNg3xGgI5IuGAzAVs/zP4v9U/6/v6dsfwmWADkbMaXxeDmRoFIC7qRowOAxsCgENsqT7XLiKAJ6x+B9r/3r6H1yB1lKEJquIUqo7+an7sRowOgxssyeAKsBPVaXQfYvLtszy/5sY918fpkFAiM6/bFhlYYBmlCzTk081YEvAESsCkAPQBn4cxi3k7hQTwO+Ps+wfY/dBABj4zEWgfh7CoKYBs8OAPQEr8oIqzGezyiHOcUae9+fbxzfE/yfYfBBAVfBOcwGuKBoG7QkwfBzRWOXfy9BcbTSIJn22XiQuXgL4rNHR8wQ6w+G6wBC2UwIieJEI2MkocgGEQaoBBAGDw4CFBBrLuX8gCnD4ciHZyAF+eQLtPoydT8AgyoYjzQU0DTyyrIW3GbUEV3PAV5IDSNQWKQAOMEjPhwusTV2glFI+MhBnQvQGX7x8+fLtsnEltM2kEGLbD5AkGMg54A6vASpTB2ilFyUAIngnqqGsrIFqqkyCTtQQaxhUQiaVIPa/9pSjllOqoEdEsKIG+OIJuDNM7nY6rU7X1QnoRi7gOLS7dofnVfIjv98O8cIsCp5KfhhqCPuf3g3xkIYAnyqAh8BmnAMMWl6E1gAEUBeosTAoNIBE+JgGgQ+3I7zMmbjA0eTH4Rrffm47CEArKCBrFQr4MTsC9Jn5QKuf7sN6RIGR0IDIAwgCz+Sfic7wC5M8sCdxQ+QV9p+jTquAOkJAlvdBnvxTQFv1/rZH0Hb7LsGnUAOiMZCRP7Weqsg/8y0aww2DMHg6cUvsKRyAg+xGWcRAxCteBVY9gTVl/4X9lAFAqoaqTokkQi0K3pWuBgyq4f2Jm6I14QAgQA5IAT8J0k62826mAuD/gDtLA01OQF0W1oNUIBPg3wZWk2vgSoK2OELgXWCFLEZOAuI+a5oElfjn6VhacwmmQSCgkSVDa8EyuRxJrIEzuBgxI4CZLbeDSRIQB8EfyAFzHaC31HMJemFjBFEQoZUE3tvAy+QEHMDVmBkBJAuCAJRBX2YQ4Ho6WNDrEgLa/46EFZIGVAIccj+YmIBjiS9HSRJQCfCJr4qDQG9GDOx6OpixnRlR8LkgIEuV5cjnLzsCzie+Hq/pBERQCcjGEtDxNHCHb89KA2EeBAFaJWQngb2JH0gs0zRIuiGzPMAT6M4LAWvD8fv399bdFiGgE0eATwn4ToJgwgPh7uRPZBrQgEaAHK4zixLQWi9EmAxnEvBkYQKWE6fBPQaPpJbBAJXAvBjQjZXA2vvClID8eEEPgP0yAS+TF0L7TZ7J1cRhMKTg6ZwgmF0kCHaY/SBAZqAl1cLZmBhAg+CqQRlg8lCyUcsJsJaY0g6IT4OduDQ4LgDv8/n8cIE0SCTgIAIYnIcPGDyVBQMMOgF3FimE2tPytwDcyzMU4gshfKz8Q5/hMJjIAfBUdodBV3BZJQD9EHKLUaalsK6ByXT3hQJkF8B5WCmFaUekgv1PfjW0bavpc/lXzYgAchZAT1g7DLkza+F2ARjnBSboCUVNsZR8yM6EhyEQ8Djc/qZRQ+ioxcBEo7i6vPrqWv1/x+H6vOPwGvb/fSEvUJhxHK7OOQ4/fPHi7aucYVd8v/XIzJFAa4iQ2+z78xsiAwTA93lKQG/Bhsgjm2uRA/ZDUxcWbYm5KgNcBd2p/xfyIAAKQAyM64uDgFxC/WNoau82OwLim6IBmqJIhIiEba8Vxf9xfooxkiBDE03RmELwusXQ0La99oOTxf+3xXueQD+tYbA2uTeeTO7lIyALDKZt8WfoiKEtLhFQC2/ojBa/ZxOm54srC12MwAUo1vMqiAOM5l2M2M+UX9mE4eliXbsaoxoQbdH4q7FCnmIdEYDhK1GAIOAhfSJRNyUAw9N2L+aLsacBXI7+iL8cddN5ACGwN3WA+0QBejfgohkBGJ+3nRwsXqBBgAr2ls/DYLUXIwJ+FTAk9vchgLAIYB+gXY/LBOw2IQAhwD4IFIuOUgkQF6jifpyhq9rPIalg3MdBmDiA9kACg7RmBGB63rQSAAEXtScy10kYZC5Q+oIwQO0XGIZF0CSNGwGOzyW8j5BOQiWiABsCzuFrdMznhorFk3MfST0QiaDWAwOwX0K/z/4K+wVyCzySOmlIAIbnBQxeTIOA3USTFfWZXCBqgZEHFej2004YXgg981MBdYBAeSa324KA/bDf4jhQVDSAWgg3pEFJZAISCd0YtOWnoj45BogqyHcUBZiUQDgI2H+PTAMaiHkqWxciWPmCW9D47e/2lhAAeA1UVZ/KlqkCzAhAErTXQEPVgINxEbwVvc/c+Qv6gAN3Jgbtpan9K/pj6az+WHq3BQGnYb2NBhpUA7oLZMW4wBPOAC7B2t0Zuy/Mh/1PUhg9VBwACjAlAAqwLgaL0IDiAhgYCRlY+RGaL9BrdYn1rd4SsCHsRwBQByagAJMYCAXYaQAE3P1KXQChG7mQM+CMep+WgE9eu9VhaLUjVhD/mf36yIw+L1E0JQAKsNdAUXcB9LAE7oQM8NnQ2vOl/+J5jY4MYfCApwBHcYALRoumCjDtioCAC3RsLrrOBQNCBWJsbmX0P/tHfHIwHJsjn8E/gs6OOhfYjzab90AvBNhv+klTFwADqF/AgB8OTjjVjXnmb1T52CAfnKT2Z6LBSRoBGMzOcaiCgHNbzHB0N8OpEllaCQkco2MBl4GgYBQjhOejqhirxvz0vNHZZ1c59hgu+9ymfb3+zoM3GA5RF6how+O3uIb58LQYEm9uPNes32iWouFpTp/K3wNVADcP8Z97wvC3Q17axF+wsE8s5DhdXZDys9r4fCYIKRDIvdv4/Dyy/fPGO3bymZofZG6p/zfrq+Pzx0/wn7vPcNFnN/FXbGy/wXGZEnATXyCBQCCyQSSECKWvX1fwBQqVFAe+QEHOgL7yBQqXxY/dbrbmXYc38fft/+XuXnqTiKI4gF9qwMz4gCHKLNAFHbQsKq2aFHzEAtE2JJLWxsQmGLUPF3ZTHwt1f0M8lB1JuyGEipg23fgF/Bj281gu1CNzBwpnLpX4ixubtsm5c+fOmbb5nyQI47YIEexjOyI0Gu3gTClE4qBeaZW/jQuH9UsRGuMgJDjJK5VjdkIGNMVrtqQb8feNO1KGzPa36p8k2Xrt4EitXhfZGV0y98rifeqHLaEiDk0acdcGlA5aioIwIccI7csxOiJHplEtOai28ibtMTqi/potomQChCgnecicbbi6B1IPbCtQwxXoXAKxD5rhoeh7Y6/18S82ZXv94nu/jYCQ5CSTaudtBjXAmwCJFfi+1TNKq7xTPvq3dcwxSuu7XH89Dm7ugBnV8xZ1aIkV5T1Qxbqc1gCVncPUtqpYf2cLQH8GTKseuJiAtrwtTk/EyXVPU9w5sr2NgXpy/c34nNKuvf48tCVoTZBX+chNC1qMWXvsW7Otb+DB3h+8/PtO9T8woMUkbgD1Q1cXoS1+WCxKiaqisysTIjW3m19btNd/GIe2RdoJ4FU/dtevQduaOAjtB0GlMWiq5k6rZ6rIkaL1VWizgpxiYxiDl3U4lnGI1a2IXNUBlqCVLOwcq5sBcHUELgxl9HbagGMTDsHK4gV3Dx/zJwcr74ncKYdg5RgcM/wqewD0kNwNyiuAm+DrnyXYOfHit8v/ipdf6gDpJ8DrIY3fT2vOK4CPg6poduVHvtwcNKqt8nvXr5E2gC/ATvSKegr0XoGiyMeq7O9J6fqiIyg3ixdpmyUsX64fZTnFEjvZDdLSBk1AGXwWSBH7ou/fclRuiOorNbl80VlnAJkh0kZ9xvrwhvpKhNZKXSaMNEMjRYDqfmOv/Ffpe439VtBq5etulykjh6uAiK9BU6wf3g/UH42h+DIWIY0ZERGqQqV6RPxPqNZ3uw5ZmY0DoLDr12D156BHA0DaStcVEJNmjlcB5+wc9ByzkzcAkJbjBKEA69MSvSFGsZpUjDxWafcIfqjrF9RigMiPwHusX/Mz9GYArc5iQXaDzdp6sAodorQe0Mv69shFM4BSH/FNzrmy1nGPn+N8+T+moINFawEeMTSkmyCRgk7xt+7H7b2NQ6dUQvkNIPMucIos2EQyv9wNXPyVAeSmBfrgZQMJBF01hMiYKNGWQAyfnTDATucUwU02oClOEQqDRJs4LDYRytdAEg6p+zEQUveLIr8JMiO2PNASFJuWYwbITD/xV0GDe/aSU+RMcBBZy9eKQn/V1/JrEXBgpjnFzDwjIB4DHgscWbFxbHS7KAq74zENHJke2rYMMJJprmQFkJZZOSz+BetGhysZDbqwPJxkgxEtEVfAhK4i8djKcrGL5ZVYPAJdmTlO7ACovK85SToMPRmrmc/58dnSbnvLl2bH858zqwb0FPZzktdeRvZshpMEo9CXlGZZWgr6Eg1xkoV55sJmmpP4dFBskdPkNpkrj4KcJqmBQlaSI8oDgG7Sx2k8YVAm7OE0oUnm2hQnCi1GQInIIvUi/JxmCjzlVOthUCC8zqneMCUec6pQ1gCXtKyPUz1litzjZLkouBGJ5jjZY6bMEqdbjwJZlLj7sQEcgT3AeSJMLD/B+UhcfzwHqNZ1AwZk6OLq//v7/9ibn9yNXNaEAZjZNHfDN8WUmw5xdxK6BX2x9AR3J7TBhmAyyF3yJXQTeouYesLHXfJPsqEI5Lh76aQeNsCREdaTfu7eiwAbks0FroTvfTKrR01Li4iLrllmVM8mPT6uxIcbbGjm351Ramzs06exsTNKvZtnw3T5QmGknb3Phuzm9cIIe36LDd3clcLIujLHTsH5J4URdfc8Ox3XRvI2eH6TnZq5S4WRc/U2O0Xey2cLI+XifS87XedGahNc6uf0+383AV7+03XuamEk3Jlj/8rvbutYRWIQCMDwNMEi0UobUbBRUCuTKiH1NYFA+k2/kPeY577i4I5r9tjbJJr93uB3kJm4YnarhYzMQDArcm8gr7rHjKYPyK/lmIneoAx2xgykhWJUUeLJZKygJJVVeCJV0PS/JY0n6ROUqV4YHo4tNZTLiBkPNQsDhWs9w4MwX8ree8wETXF3RIfih/+jGzXdub6Di+nCxHAXbrpe/ZeqHRTFl1B1b8u6eJ5l7MAJ/gvhQ7rQt3+g2UavyFPtyo9bA2+lqaOYuMM/OO5FrN+s/fc7pCAW33O53hwjlBLmbqvkvV9ESOeXfwLnDUFDkYpPSQAAAABJRU5ErkJggg==','2009-06-23','Laki-laki','2019-12-30 21:33:58');

/*Table structure for table `saran` */

DROP TABLE IF EXISTS `saran`;

CREATE TABLE `saran` (
  `id` int(11) NOT NULL AUTO_INCREMENT,
  `nama` varchar(100) DEFAULT NULL,
  `email` varchar(100) DEFAULT NULL,
  `subjek` text,
  `pesan` text,
  `tgl` date DEFAULT NULL,
  `time` time DEFAULT NULL,
  PRIMARY KEY (`id`)
) ENGINE=InnoDB AUTO_INCREMENT=103 DEFAULT CHARSET=latin1;

/*Data for the table `saran` */

insert  into `saran`(`id`,`nama`,`email`,`subjek`,`pesan`,`tgl`,`time`) values (101,'didin','didin@gmail.com','masukan untuk aplikasi','supaya lebih bagus lagi','2019-12-30','21:34:58'),(102,'reer','zzafachreza@gmail.com','teset','dsdsdf','2019-12-30','21:36:49');

/*!40101 SET SQL_MODE=@OLD_SQL_MODE */;
/*!40014 SET FOREIGN_KEY_CHECKS=@OLD_FOREIGN_KEY_CHECKS */;
/*!40014 SET UNIQUE_CHECKS=@OLD_UNIQUE_CHECKS */;
/*!40111 SET SQL_NOTES=@OLD_SQL_NOTES */;
